model,rul_rmse_mean,rul_rmse_std
det,0.05350757676816643,0.015622275717514863
gru,0.047951746189190424,0.012321185424453044
lstm,0.045575912895152774,0.004599937926386356
